Year,Month,Anomaly,Year_num
1850,1,-0.775,1850
1850,2,-0.226,1850.0833333333333
1850,3,-0.37,1850.1666666666667
1850,4,-0.582,1850.25
1850,5,-0.621,1850.3333333333333
1850,6,-0.362,1850.4166666666667
1850,7,-0.189,1850.5
1850,8,-0.172,1850.5833333333333
1850,9,-0.435,1850.6666666666667
1850,10,-0.612,1850.75
1850,11,-0.588,1850.8333333333333
1850,12,-0.499,1850.9166666666667
1851,1,-0.183,1851
1851,2,-0.427,1851.0833333333333
1851,3,-0.563,1851.1666666666667
1851,4,-0.616,1851.25
1851,5,-0.327,1851.3333333333333
1851,6,-0.268,1851.4166666666667
1851,7,-0.225,1851.5
1851,8,-0.319,1851.5833333333333
1851,9,-0.402,1851.6666666666667
1851,10,-0.164,1851.75
1851,11,-0.392,1851.8333333333333
1851,12,-0.157,1851.9166666666667
1852,1,-0.255,1852
1852,2,-0.523,1852.0833333333333
1852,3,-0.762,1852.1666666666667
1852,4,-0.519,1852.25
1852,5,-0.154,1852.3333333333333
1852,6,-0.129,1852.4166666666667
1852,7,-0.055,1852.5
1852,8,-0.361,1852.5833333333333
1852,9,-0.315,1852.6666666666667
1852,10,-0.182,1852.75
1852,11,-0.554,1852.8333333333333
1852,12,0.07,1852.9166666666667
1853,1,-0.366,1853
1853,2,-0.378,1853.0833333333333
1853,3,-0.397,1853.1666666666667
1853,4,-0.257,1853.25
1853,5,-0.263,1853.3333333333333
1853,6,-0.188,1853.4166666666667
1853,7,0.016,1853.5
1853,8,-0.069,1853.5833333333333
1853,9,-0.412,1853.6666666666667
1853,10,-0.492,1853.75
1853,11,-0.667,1853.8333333333333
1853,12,-0.341,1853.9166666666667
1854,1,-0.574,1854
1854,2,-0.608,1854.0833333333333
1854,3,-0.273,1854.1666666666667
1854,4,-0.383,1854.25
1854,5,-0.281,1854.3333333333333
1854,6,-0.488,1854.4166666666667
1854,7,-0.194,1854.5
1854,8,-0.214,1854.5833333333333
1854,9,-0.274,1854.6666666666667
1854,10,0.099,1854.75
1854,11,-0.245,1854.8333333333333
1854,12,-0.218,1854.9166666666667
1855,1,-0.059,1855
1855,2,-0.141,1855.0833333333333
1855,3,-0.27,1855.1666666666667
1855,4,-0.067,1855.25
1855,5,-0.225,1855.3333333333333
1855,6,-0.359,1855.4166666666667
1855,7,-0.401,1855.5
1855,8,-0.266,1855.5833333333333
1855,9,-0.496,1855.6666666666667
1855,10,-0.33,1855.75
1855,11,-0.406,1855.8333333333333
1855,12,-0.567,1855.9166666666667
1856,1,-0.006,1856
1856,2,-0.424,1856.0833333333333
1856,3,-0.418,1856.1666666666667
1856,4,-0.398,1856.25
1856,5,-0.341,1856.3333333333333
1856,6,-0.151,1856.4166666666667
1856,7,-0.276,1856.5
1856,8,-0.54,1856.5833333333333
1856,9,-0.736,1856.6666666666667
1856,10,-0.699,1856.75
1856,11,-0.594,1856.8333333333333
1856,12,-0.454,1856.9166666666667
1857,1,-0.551,1857
1857,2,-0.571,1857.0833333333333
1857,3,-0.633,1857.1666666666667
1857,4,-0.808,1857.25
1857,5,-0.759,1857.3333333333333
1857,6,-0.584,1857.4166666666667
1857,7,-0.537,1857.5
1857,8,-0.478,1857.5833333333333
1857,9,-0.503,1857.6666666666667
1857,10,-0.552,1857.75
1857,11,-0.516,1857.8333333333333
1857,12,-0.247,1857.9166666666667
1858,1,-0.24,1858
1858,2,-0.516,1858.0833333333333
1858,3,-0.318,1858.1666666666667
1858,4,-0.273,1858.25
1858,5,-0.414,1858.3333333333333
1858,6,-0.285,1858.4166666666667
1858,7,-0.345,1858.5
1858,8,-0.342,1858.5833333333333
1858,9,-0.503,1858.6666666666667
1858,10,-0.301,1858.75
1858,11,-0.197,1858.8333333333333
1858,12,-0.511,1858.9166666666667
1859,1,-0.379,1859
1859,2,-0.321,1859.0833333333333
1859,3,-0.241,1859.1666666666667
1859,4,0.02,1859.25
1859,5,0.01,1859.3333333333333
1859,6,-0.135,1859.4166666666667
1859,7,-0.338,1859.5
1859,8,-0.373,1859.5833333333333
1859,9,-0.544,1859.6666666666667
1859,10,-0.264,1859.75
1859,11,-0.204,1859.8333333333333
1859,12,-0.111,1859.9166666666667
1860,1,-0.359,1860
1860,2,-0.34,1860.0833333333333
1860,3,-0.689,1860.1666666666667
1860,4,-0.26,1860.25
1860,5,-0.213,1860.3333333333333
1860,6,-0.222,1860.4166666666667
1860,7,-0.289,1860.5
1860,8,-0.231,1860.5833333333333
1860,9,-0.315,1860.6666666666667
1860,10,-0.372,1860.75
1860,11,-0.55,1860.8333333333333
1860,12,-0.882,1860.9166666666667
1861,1,-1.03,1861
1861,2,-0.686,1861.0833333333333
1861,3,-0.584,1861.1666666666667
1861,4,-0.412,1861.25
1861,5,-0.445,1861.3333333333333
1861,6,-0.388,1861.4166666666667
1861,7,-0.35,1861.5
1861,8,-0.221,1861.5833333333333
1861,9,-0.43,1861.6666666666667
1861,10,-0.493,1861.75
1861,11,-0.239,1861.8333333333333
1861,12,-0.382,1861.9166666666667
1862,1,-0.954,1862
1862,2,-0.803,1862.0833333333333
1862,3,-0.555,1862.1666666666667
1862,4,-0.559,1862.25
1862,5,-0.301,1862.3333333333333
1862,6,-0.351,1862.4166666666667
1862,7,-0.382,1862.5
1862,8,-0.532,1862.5833333333333
1862,9,-0.58,1862.6666666666667
1862,10,-0.495,1862.75
1862,11,-0.587,1862.8333333333333
1862,12,-0.91,1862.9166666666667
1863,1,-0.164,1863
1863,2,-0.139,1863.0833333333333
1863,3,-0.347,1863.1666666666667
1863,4,-0.252,1863.25
1863,5,-0.227,1863.3333333333333
1863,6,-0.373,1863.4166666666667
1863,7,-0.402,1863.5
1863,8,-0.413,1863.5833333333333
1863,9,-0.532,1863.6666666666667
1863,10,-0.514,1863.75
1863,11,-0.399,1863.8333333333333
1863,12,-0.425,1863.9166666666667
1864,1,-0.59,1864
1864,2,-0.422,1864.0833333333333
1864,3,-0.392,1864.1666666666667
1864,4,-0.398,1864.25
1864,5,-0.146,1864.3333333333333
1864,6,-0.134,1864.4166666666667
1864,7,-0.246,1864.5
1864,8,-0.382,1864.5833333333333
1864,9,-0.522,1864.6666666666667
1864,10,-0.369,1864.75
1864,11,-0.404,1864.8333333333333
1864,12,-0.454,1864.9166666666667
1865,1,0.073,1865
1865,2,-0.331,1865.0833333333333
1865,3,-0.438,1865.1666666666667
1865,4,-0.384,1865.25
1865,5,-0.283,1865.3333333333333
1865,6,-0.306,1865.4166666666667
1865,7,-0.248,1865.5
1865,8,-0.247,1865.5833333333333
1865,9,-0.248,1865.6666666666667
1865,10,-0.229,1865.75
1865,11,-0.177,1865.8333333333333
1865,12,-0.489,1865.9166666666667
1866,1,0.014,1866
1866,2,-0.387,1866.0833333333333
1866,3,-0.478,1866.1666666666667
1866,4,-0.525,1866.25
1866,5,-0.368,1866.3333333333333
1866,6,-0.291,1866.4166666666667
1866,7,0.048,1866.5
1866,8,-0.271,1866.5833333333333
1866,9,-0.329,1866.6666666666667
1866,10,-0.257,1866.75
1866,11,-0.059,1866.8333333333333
1866,12,0.077,1866.9166666666667
1867,1,-0.178,1867
1867,2,-0.362,1867.0833333333333
1867,3,-0.317,1867.1666666666667
1867,4,-0.156,1867.25
1867,5,-0.403,1867.3333333333333
1867,6,-0.236,1867.4166666666667
1867,7,-0.238,1867.5
1867,8,-0.313,1867.5833333333333
1867,9,-0.171,1867.6666666666667
1867,10,0.008,1867.75
1867,11,0.242,1867.8333333333333
1867,12,-0.168,1867.9166666666667
1868,1,-0.528,1868
1868,2,-0.682,1868.0833333333333
1868,3,-0.337,1868.1666666666667
1868,4,-0.133,1868.25
1868,5,-0.103,1868.3333333333333
1868,6,-0.15,1868.4166666666667
1868,7,0.022,1868.5
1868,8,-0.086,1868.5833333333333
1868,9,-0.276,1868.6666666666667
1868,10,-0.01,1868.75
1868,11,-0.334,1868.8333333333333
1868,12,-0.15,1868.9166666666667
1869,1,-0.221,1869
1869,2,0.025,1869.0833333333333
1869,3,-0.533,1869.1666666666667
1869,4,-0.271,1869.25
1869,5,-0.18,1869.3333333333333
1869,6,-0.202,1869.4166666666667
1869,7,-0.255,1869.5
1869,8,-0.207,1869.5833333333333
1869,9,-0.092,1869.6666666666667
1869,10,-0.219,1869.75
1869,11,-0.2,1869.8333333333333
1869,12,-0.418,1869.9166666666667
1870,1,-0.311,1870
1870,2,-0.494,1870.0833333333333
1870,3,-0.351,1870.1666666666667
1870,4,-0.278,1870.25
1870,5,-0.204,1870.3333333333333
1870,6,-0.109,1870.4166666666667
1870,7,-0.114,1870.5
1870,8,-0.297,1870.5833333333333
1870,9,-0.206,1870.6666666666667
1870,10,-0.325,1870.75
1870,11,-0.326,1870.8333333333333
1870,12,-0.569,1870.9166666666667
1871,1,-0.551,1871
1871,2,-0.608,1871.0833333333333
1871,3,-0.267,1871.1666666666667
1871,4,-0.069,1871.25
1871,5,-0.288,1871.3333333333333
1871,6,-0.238,1871.4166666666667
1871,7,-0.178,1871.5
1871,8,-0.211,1871.5833333333333
1871,9,-0.404,1871.6666666666667
1871,10,-0.25,1871.75
1871,11,-0.538,1871.8333333333333
1871,12,-0.388,1871.9166666666667
1872,1,-0.455,1872
1872,2,-0.415,1872.0833333333333
1872,3,-0.358,1872.1666666666667
1872,4,-0.359,1872.25
1872,5,-0.19,1872.3333333333333
1872,6,-0.282,1872.4166666666667
1872,7,-0.138,1872.5
1872,8,-0.058,1872.5833333333333
1872,9,-0.201,1872.6666666666667
1872,10,-0.206,1872.75
1872,11,-0.429,1872.8333333333333
1872,12,-0.492,1872.9166666666667
1873,1,-0.315,1873
1873,2,-0.09,1873.0833333333333
1873,3,-0.278,1873.1666666666667
1873,4,-0.465,1873.25
1873,5,-0.28,1873.3333333333333
1873,6,-0.228,1873.4166666666667
1873,7,-0.196,1873.5
1873,8,-0.167,1873.5833333333333
1873,9,-0.386,1873.6666666666667
1873,10,-0.249,1873.75
1873,11,-0.342,1873.8333333333333
1873,12,-0.226,1873.9166666666667
1874,1,-0.223,1874
1874,2,-0.279,1874.0833333333333
1874,3,-0.642,1874.1666666666667
1874,4,-0.366,1874.25
1874,5,-0.228,1874.3333333333333
1874,6,-0.341,1874.4166666666667
1874,7,-0.289,1874.5
1874,8,-0.199,1874.5833333333333
1874,9,-0.183,1874.6666666666667
1874,10,-0.323,1874.75
1874,11,-0.423,1874.8333333333333
1874,12,-0.305,1874.9166666666667
1875,1,-0.468,1875
1875,2,-0.372,1875.0833333333333
1875,3,-0.456,1875.1666666666667
1875,4,-0.383,1875.25
1875,5,-0.289,1875.3333333333333
1875,6,-0.298,1875.4166666666667
1875,7,-0.241,1875.5
1875,8,-0.27,1875.5833333333333
1875,9,-0.285,1875.6666666666667
1875,10,-0.193,1875.75
1875,11,-0.571,1875.8333333333333
1875,12,-0.456,1875.9166666666667
1876,1,-0.381,1876
1876,2,-0.277,1876.0833333333333
1876,3,-0.296,1876.1666666666667
1876,4,-0.277,1876.25
1876,5,-0.534,1876.3333333333333
1876,6,-0.349,1876.4166666666667
1876,7,-0.189,1876.5
1876,8,-0.324,1876.5833333333333
1876,9,-0.388,1876.6666666666667
1876,10,-0.279,1876.75
1876,11,-0.489,1876.8333333333333
1876,12,-0.574,1876.9166666666667
1877,1,-0.192,1877
1877,2,-0.102,1877.0833333333333
1877,3,0.044,1877.1666666666667
1877,4,-0.133,1877.25
1877,5,-0.067,1877.3333333333333
1877,6,-0.078,1877.4166666666667
1877,7,0.117,1877.5
1877,8,0.213,1877.5833333333333
1877,9,0.141,1877.6666666666667
1877,10,0.169,1877.75
1877,11,0.207,1877.8333333333333
1877,12,-0.078,1877.9166666666667
1878,1,-0.008,1878
1878,2,0.405,1878.0833333333333
1878,3,0.566,1878.1666666666667
1878,4,0.292,1878.25
1878,5,-0.067,1878.3333333333333
1878,6,0.093,1878.4166666666667
1878,7,0.098,1878.5
1878,8,0.068,1878.5833333333333
1878,9,-0.052,1878.6666666666667
1878,10,-0.088,1878.75
1878,11,0.03,1878.8333333333333
1878,12,-0.122,1878.9166666666667
1879,1,-0.137,1879
1879,2,-0.247,1879.0833333333333
1879,3,-0.066,1879.1666666666667
1879,4,-0.299,1879.25
1879,5,-0.247,1879.3333333333333
1879,6,-0.206,1879.4166666666667
1879,7,-0.229,1879.5
1879,8,-0.252,1879.5833333333333
1879,9,-0.313,1879.6666666666667
1879,10,-0.095,1879.75
1879,11,-0.3,1879.8333333333333
1879,12,-0.505,1879.9166666666667
1880,1,-0.371,1880
1880,2,-0.529,1880.0833333333333
1880,3,-0.306,1880.1666666666667
1880,4,-0.353,1880.25
1880,5,-0.247,1880.3333333333333
1880,6,-0.316,1880.4166666666667
1880,7,-0.272,1880.5
1880,8,-0.23,1880.5833333333333
1880,9,-0.39,1880.6666666666667
1880,10,-0.339,1880.75
1880,11,-0.198,1880.8333333333333
1880,12,-0.213,1880.9166666666667
1881,1,-0.111,1881
1881,2,-0.207,1881.0833333333333
1881,3,-0.082,1881.1666666666667
1881,4,-0.027,1881.25
1881,5,-0.105,1881.3333333333333
1881,6,-0.358,1881.4166666666667
1881,7,-0.153,1881.5
1881,8,-0.155,1881.5833333333333
1881,9,-0.305,1881.6666666666667
1881,10,-0.267,1881.75
1881,11,-0.401,1881.8333333333333
1881,12,-0.209,1881.9166666666667
1882,1,0.111,1882
1882,2,0.013,1882.0833333333333
1882,3,-0.126,1882.1666666666667
1882,4,-0.296,1882.25
1882,5,-0.254,1882.3333333333333
1882,6,-0.328,1882.4166666666667
1882,7,-0.349,1882.5
1882,8,-0.217,1882.5833333333333
1882,9,-0.203,1882.6666666666667
1882,10,-0.353,1882.75
1882,11,-0.44,1882.8333333333333
1882,12,-0.55,1882.9166666666667
1883,1,-0.403,1883
1883,2,-0.432,1883.0833333333333
1883,3,-0.088,1883.1666666666667
1883,4,-0.312,1883.25
1883,5,-0.232,1883.3333333333333
1883,6,-0.14,1883.4166666666667
1883,7,-0.267,1883.5
1883,8,-0.358,1883.5833333333333
1883,9,-0.366,1883.6666666666667
1883,10,-0.285,1883.75
1883,11,-0.487,1883.8333333333333
1883,12,-0.261,1883.9166666666667
1884,1,-0.232,1884
1884,2,-0.192,1884.0833333333333
1884,3,-0.494,1884.1666666666667
1884,4,-0.556,1884.25
1884,5,-0.579,1884.3333333333333
1884,6,-0.522,1884.4166666666667
1884,7,-0.55,1884.5
1884,8,-0.488,1884.5833333333333
1884,9,-0.548,1884.6666666666667
1884,10,-0.463,1884.75
1884,11,-0.6,1884.8333333333333
1884,12,-0.437,1884.9166666666667
1885,1,-0.673,1885
1885,2,-0.469,1885.0833333333333
1885,3,-0.353,1885.1666666666667
1885,4,-0.51,1885.25
1885,5,-0.561,1885.3333333333333
1885,6,-0.565,1885.4166666666667
1885,7,-0.344,1885.5
1885,8,-0.441,1885.5833333333333
1885,9,-0.451,1885.6666666666667
1885,10,-0.333,1885.75
1885,11,-0.396,1885.8333333333333
1885,12,-0.157,1885.9166666666667
1886,1,-0.635,1886
1886,2,-0.649,1886.0833333333333
1886,3,-0.539,1886.1666666666667
1886,4,-0.388,1886.25
1886,5,-0.329,1886.3333333333333
1886,6,-0.463,1886.4166666666667
1886,7,-0.289,1886.5
1886,8,-0.454,1886.5833333333333
1886,9,-0.512,1886.6666666666667
1886,10,-0.474,1886.75
1886,11,-0.562,1886.8333333333333
1886,12,-0.349,1886.9166666666667
1887,1,-0.96,1887
1887,2,-0.714,1887.0833333333333
1887,3,-0.492,1887.1666666666667
1887,4,-0.391,1887.25
1887,5,-0.471,1887.3333333333333
1887,6,-0.5,1887.4166666666667
1887,7,-0.355,1887.5
1887,8,-0.548,1887.5833333333333
1887,9,-0.411,1887.6666666666667
1887,10,-0.425,1887.75
1887,11,-0.407,1887.8333333333333
1887,12,-0.408,1887.9166666666667
1888,1,-0.355,1888
1888,2,-0.525,1888.0833333333333
1888,3,-0.448,1888.1666666666667
1888,4,-0.379,1888.25
1888,5,-0.35,1888.3333333333333
1888,6,-0.322,1888.4166666666667
1888,7,-0.247,1888.5
1888,8,-0.279,1888.5833333333333
1888,9,-0.301,1888.6666666666667
1888,10,-0.086,1888.75
1888,11,-0.157,1888.8333333333333
1888,12,-0.107,1888.9166666666667
1889,1,-0.111,1889
1889,2,0.236,1889.0833333333333
1889,3,0.048,1889.1666666666667
1889,4,0.071,1889.25
1889,5,-0.149,1889.3333333333333
1889,6,-0.196,1889.4166666666667
1889,7,-0.152,1889.5
1889,8,-0.285,1889.5833333333333
1889,9,-0.366,1889.6666666666667
1889,10,-0.302,1889.75
1889,11,-0.49,1889.8333333333333
1889,12,-0.324,1889.9166666666667
1890,1,-0.447,1890
1890,2,-0.431,1890.0833333333333
1890,3,-0.559,1890.1666666666667
1890,4,-0.407,1890.25
1890,5,-0.493,1890.3333333333333
1890,6,-0.474,1890.4166666666667
1890,7,-0.436,1890.5
1890,8,-0.472,1890.5833333333333
1890,9,-0.469,1890.6666666666667
1890,10,-0.3,1890.75
1890,11,-0.674,1890.8333333333333
1890,12,-0.372,1890.9166666666667
1891,1,-0.484,1891
1891,2,-0.595,1891.0833333333333
1891,3,-0.228,1891.1666666666667
1891,4,-0.362,1891.25
1891,5,-0.267,1891.3333333333333
1891,6,-0.368,1891.4166666666667
1891,7,-0.335,1891.5
1891,8,-0.292,1891.5833333333333
1891,9,-0.272,1891.6666666666667
1891,10,-0.345,1891.75
1891,11,-0.499,1891.8333333333333
1891,12,-0.106,1891.9166666666667
1892,1,-0.276,1892
1892,2,-0.174,1892.0833333333333
1892,3,-0.436,1892.1666666666667
1892,4,-0.481,1892.25
1892,5,-0.4,1892.3333333333333
1892,6,-0.287,1892.4166666666667
1892,7,-0.462,1892.5
1892,8,-0.448,1892.5833333333333
1892,9,-0.407,1892.6666666666667
1892,10,-0.272,1892.75
1892,11,-0.757,1892.8333333333333
1892,12,-0.499,1892.9166666666667
1893,1,-0.898,1893
1893,2,-0.618,1893.0833333333333
1893,3,-0.291,1893.1666666666667
1893,4,-0.365,1893.25
1893,5,-0.396,1893.3333333333333
1893,6,-0.309,1893.4166666666667
1893,7,-0.177,1893.5
1893,8,-0.274,1893.5833333333333
1893,9,-0.359,1893.6666666666667
1893,10,-0.23,1893.75
1893,11,-0.338,1893.8333333333333
1893,12,-0.402,1893.9166666666667
1894,1,-0.544,1894
1894,2,-0.43,1894.0833333333333
1894,3,-0.331,1894.1666666666667
1894,4,-0.521,1894.25
1894,5,-0.399,1894.3333333333333
1894,6,-0.466,1894.4166666666667
1894,7,-0.278,1894.5
1894,8,-0.274,1894.5833333333333
1894,9,-0.343,1894.6666666666667
1894,10,-0.227,1894.75
1894,11,-0.415,1894.8333333333333
1894,12,-0.316,1894.9166666666667
1895,1,-0.457,1895
1895,2,-0.453,1895.0833333333333
1895,3,-0.415,1895.1666666666667
1895,4,-0.281,1895.25
1895,5,-0.328,1895.3333333333333
1895,6,-0.284,1895.4166666666667
1895,7,-0.214,1895.5
1895,8,-0.296,1895.5833333333333
1895,9,-0.336,1895.6666666666667
1895,10,-0.222,1895.75
1895,11,-0.195,1895.8333333333333
1895,12,-0.183,1895.9166666666667
1896,1,-0.219,1896
1896,2,-0.269,1896.0833333333333
1896,3,-0.455,1896.1666666666667
1896,4,-0.449,1896.25
1896,5,-0.28,1896.3333333333333
1896,6,-0.143,1896.4166666666667
1896,7,-0.104,1896.5
1896,8,-0.102,1896.5833333333333
1896,9,-0.186,1896.6666666666667
1896,10,-0.04,1896.75
1896,11,-0.271,1896.8333333333333
1896,12,-0.093,1896.9166666666667
1897,1,-0.172,1897
1897,2,-0.275,1897.0833333333333
1897,3,-0.289,1897.1666666666667
1897,4,-0.064,1897.25
1897,5,-0.019,1897.3333333333333
1897,6,-0.17,1897.4166666666667
1897,7,-0.187,1897.5
1897,8,-0.209,1897.5833333333333
1897,9,-0.252,1897.6666666666667
1897,10,-0.204,1897.75
1897,11,-0.323,1897.8333333333333
1897,12,-0.245,1897.9166666666667
1898,1,-0.164,1898
1898,2,-0.497,1898.0833333333333
1898,3,-0.629,1898.1666666666667
1898,4,-0.407,1898.25
1898,5,-0.435,1898.3333333333333
1898,6,-0.232,1898.4166666666667
1898,7,-0.346,1898.5
1898,8,-0.366,1898.5833333333333
1898,9,-0.403,1898.6666666666667
1898,10,-0.483,1898.75
1898,11,-0.552,1898.8333333333333
1898,12,-0.401,1898.9166666666667
1899,1,-0.209,1899
1899,2,-0.486,1899.0833333333333
1899,3,-0.432,1899.1666666666667
1899,4,-0.217,1899.25
1899,5,-0.217,1899.3333333333333
1899,6,-0.375,1899.4166666666667
1899,7,-0.273,1899.5
1899,8,-0.167,1899.5833333333333
1899,9,-0.118,1899.6666666666667
1899,10,-0.082,1899.75
1899,11,0.009,1899.8333333333333
1899,12,-0.273,1899.9166666666667
1900,1,-0.415,1900
1900,2,-0.01,1900.0833333333333
1900,3,0.038,1900.1666666666667
1900,4,-0.126,1900.25
1900,5,-0.08,1900.3333333333333
1900,6,-0.155,1900.4166666666667
1900,7,-0.184,1900.5
1900,8,-0.174,1900.5833333333333
1900,9,-0.139,1900.6666666666667
1900,10,0.041,1900.75
1900,11,-0.211,1900.8333333333333
1900,12,-0.121,1900.9166666666667
1901,1,-0.279,1901
1901,2,-0.088,1901.0833333333333
1901,3,-0.024,1901.1666666666667
1901,4,-0.047,1901.25
1901,5,-0.176,1901.3333333333333
1901,6,-0.239,1901.4166666666667
1901,7,-0.271,1901.5
1901,8,-0.204,1901.5833333333333
1901,9,-0.291,1901.6666666666667
1901,10,-0.292,1901.75
1901,11,-0.303,1901.8333333333333
1901,12,-0.249,1901.9166666666667
1902,1,-0.283,1902
1902,2,-0.075,1902.0833333333333
1902,3,-0.393,1902.1666666666667
1902,4,-0.334,1902.25
1902,5,-0.394,1902.3333333333333
1902,6,-0.362,1902.4166666666667
1902,7,-0.321,1902.5
1902,8,-0.357,1902.5833333333333
1902,9,-0.384,1902.6666666666667
1902,10,-0.426,1902.75
1902,11,-0.561,1902.8333333333333
1902,12,-0.507,1902.9166666666667
1903,1,-0.26,1903
1903,2,-0.161,1903.0833333333333
1903,3,-0.306,1903.1666666666667
1903,4,-0.506,1903.25
1903,5,-0.472,1903.3333333333333
1903,6,-0.558,1903.4166666666667
1903,7,-0.47,1903.5
1903,8,-0.571,1903.5833333333333
1903,9,-0.628,1903.6666666666667
1903,10,-0.564,1903.75
1903,11,-0.563,1903.8333333333333
1903,12,-0.526,1903.9166666666667
1904,1,-0.661,1904
1904,2,-0.67,1904.0833333333333
1904,3,-0.507,1904.1666666666667
1904,4,-0.554,1904.25
1904,5,-0.557,1904.3333333333333
1904,6,-0.523,1904.4166666666667
1904,7,-0.545,1904.5
1904,8,-0.517,1904.5833333333333
1904,9,-0.618,1904.6666666666667
1904,10,-0.497,1904.75
1904,11,-0.285,1904.8333333333333
1904,12,-0.338,1904.9166666666667
1905,1,-0.347,1905
1905,2,-0.618,1905.0833333333333
1905,3,-0.317,1905.1666666666667
1905,4,-0.383,1905.25
1905,5,-0.305,1905.3333333333333
1905,6,-0.337,1905.4166666666667
1905,7,-0.366,1905.5
1905,8,-0.287,1905.5833333333333
1905,9,-0.354,1905.6666666666667
1905,10,-0.315,1905.75
1905,11,-0.192,1905.8333333333333
1905,12,-0.275,1905.9166666666667
1906,1,-0.346,1906
1906,2,-0.326,1906.0833333333333
1906,3,-0.123,1906.1666666666667
1906,4,-0.043,1906.25
1906,5,-0.292,1906.3333333333333
1906,6,-0.257,1906.4166666666667
1906,7,-0.333,1906.5
1906,8,-0.282,1906.5833333333333
1906,9,-0.343,1906.6666666666667
1906,10,-0.18,1906.75
1906,11,-0.4,1906.8333333333333
1906,12,-0.153,1906.9166666666667
1907,1,-0.413,1907
1907,2,-0.556,1907.0833333333333
1907,3,-0.285,1907.1666666666667
1907,4,-0.352,1907.25
1907,5,-0.522,1907.3333333333333
1907,6,-0.48,1907.4166666666667
1907,7,-0.42,1907.5
1907,8,-0.433,1907.5833333333333
1907,9,-0.411,1907.6666666666667
1907,10,-0.237,1907.75
1907,11,-0.548,1907.8333333333333
1907,12,-0.461,1907.9166666666667
1908,1,-0.42,1908
1908,2,-0.278,1908.0833333333333
1908,3,-0.6,1908.1666666666667
1908,4,-0.485,1908.25
1908,5,-0.302,1908.3333333333333
1908,6,-0.329,1908.4166666666667
1908,7,-0.361,1908.5
1908,8,-0.486,1908.5833333333333
1908,9,-0.373,1908.6666666666667
1908,10,-0.483,1908.75
1908,11,-0.671,1908.8333333333333
1908,12,-0.569,1908.9166666666667
1909,1,-0.774,1909
1909,2,-0.489,1909.0833333333333
1909,3,-0.576,1909.1666666666667
1909,4,-0.567,1909.25
1909,5,-0.523,1909.3333333333333
1909,6,-0.49,1909.4166666666667
1909,7,-0.519,1909.5
1909,8,-0.355,1909.5833333333333
1909,9,-0.486,1909.6666666666667
1909,10,-0.459,1909.75
1909,11,-0.42,1909.8333333333333
1909,12,-0.493,1909.9166666666667
1910,1,-0.387,1910
1910,2,-0.471,1910.0833333333333
1910,3,-0.54,1910.1666666666667
1910,4,-0.446,1910.25
1910,5,-0.358,1910.3333333333333
1910,6,-0.418,1910.4166666666667
1910,7,-0.422,1910.5
1910,8,-0.411,1910.5833333333333
1910,9,-0.439,1910.6666666666667
1910,10,-0.394,1910.75
1910,11,-0.631,1910.8333333333333
1910,12,-0.738,1910.9166666666667
1911,1,-0.679,1911
1911,2,-0.643,1911.0833333333333
1911,3,-0.617,1911.1666666666667
1911,4,-0.502,1911.25
1911,5,-0.536,1911.3333333333333
1911,6,-0.498,1911.4166666666667
1911,7,-0.487,1911.5
1911,8,-0.471,1911.5833333333333
1911,9,-0.495,1911.6666666666667
1911,10,-0.26,1911.75
1911,11,-0.324,1911.8333333333333
1911,12,-0.277,1911.9166666666667
1912,1,-0.226,1912
1912,2,-0.214,1912.0833333333333
1912,3,-0.438,1912.1666666666667
1912,4,-0.173,1912.25
1912,5,-0.253,1912.3333333333333
1912,6,-0.222,1912.4166666666667
1912,7,-0.513,1912.5
1912,8,-0.589,1912.5833333333333
1912,9,-0.667,1912.6666666666667
1912,10,-0.648,1912.75
1912,11,-0.499,1912.8333333333333
1912,12,-0.504,1912.9166666666667
1913,1,-0.536,1913
1913,2,-0.496,1913.0833333333333
1913,3,-0.453,1913.1666666666667
1913,4,-0.351,1913.25
1913,5,-0.416,1913.3333333333333
1913,6,-0.481,1913.4166666666667
1913,7,-0.424,1913.5
1913,8,-0.355,1913.5833333333333
1913,9,-0.418,1913.6666666666667
1913,10,-0.353,1913.75
1913,11,-0.31,1913.8333333333333
1913,12,-0.007,1913.9166666666667
1914,1,-0.001,1914
1914,2,-0.239,1914.0833333333333
1914,3,-0.332,1914.1666666666667
1914,4,-0.322,1914.25
1914,5,-0.218,1914.3333333333333
1914,6,-0.237,1914.4166666666667
1914,7,-0.302,1914.5
1914,8,-0.214,1914.5833333333333
1914,9,-0.27,1914.6666666666667
1914,10,-0.022,1914.75
1914,11,-0.185,1914.8333333333333
1914,12,-0.034,1914.9166666666667
1915,1,-0.234,1915
1915,2,-0.124,1915.0833333333333
1915,3,-0.022,1915.1666666666667
1915,4,0.081,1915.25
1915,5,0.006,1915.3333333333333
1915,6,-0.196,1915.4166666666667
1915,7,-0.207,1915.5
1915,8,-0.125,1915.5833333333333
1915,9,-0.219,1915.6666666666667
1915,10,-0.294,1915.75
1915,11,-0.135,1915.8333333333333
1915,12,-0.269,1915.9166666666667
1916,1,-0.178,1916
1916,2,-0.17,1916.0833333333333
1916,3,-0.27,1916.1666666666667
1916,4,-0.335,1916.25
1916,5,-0.339,1916.3333333333333
1916,6,-0.392,1916.4166666666667
1916,7,-0.361,1916.5
1916,8,-0.368,1916.5833333333333
1916,9,-0.408,1916.6666666666667
1916,10,-0.397,1916.75
1916,11,-0.527,1916.8333333333333
1916,12,-0.806,1916.9166666666667
1917,1,-0.67,1917
1917,2,-0.661,1917.0833333333333
1917,3,-0.684,1917.1666666666667
1917,4,-0.529,1917.25
1917,5,-0.59,1917.3333333333333
1917,6,-0.504,1917.4166666666667
1917,7,-0.299,1917.5
1917,8,-0.331,1917.5833333333333
1917,9,-0.381,1917.6666666666667
1917,10,-0.513,1917.75
1917,11,-0.486,1917.8333333333333
1917,12,-0.734,1917.9166666666667
1918,1,-0.525,1918
1918,2,-0.514,1918.0833333333333
1918,3,-0.415,1918.1666666666667
1918,4,-0.519,1918.25
1918,5,-0.487,1918.3333333333333
1918,6,-0.384,1918.4166666666667
1918,7,-0.366,1918.5
1918,8,-0.403,1918.5833333333333
1918,9,-0.227,1918.6666666666667
1918,10,-0.046,1918.75
1918,11,-0.209,1918.8333333333333
1918,12,-0.293,1918.9166666666667
1919,1,-0.205,1919
1919,2,-0.223,1919.0833333333333
1919,3,-0.274,1919.1666666666667
1919,4,-0.117,1919.25
1919,5,-0.243,1919.3333333333333
1919,6,-0.333,1919.4166666666667
1919,7,-0.326,1919.5
1919,8,-0.292,1919.5833333333333
1919,9,-0.366,1919.6666666666667
1919,10,-0.29,1919.75
1919,11,-0.569,1919.8333333333333
1919,12,-0.414,1919.9166666666667
1920,1,-0.177,1920
1920,2,-0.334,1920.0833333333333
1920,3,-0.096,1920.1666666666667
1920,4,-0.183,1920.25
1920,5,-0.251,1920.3333333333333
1920,6,-0.26,1920.4166666666667
1920,7,-0.267,1920.5
1920,8,-0.255,1920.5833333333333
1920,9,-0.22,1920.6666666666667
1920,10,-0.151,1920.75
1920,11,-0.288,1920.8333333333333
1920,12,-0.484,1920.9166666666667
1921,1,-0.123,1921
1921,2,-0.201,1921.0833333333333
1921,3,-0.291,1921.1666666666667
1921,4,-0.279,1921.25
1921,5,-0.31,1921.3333333333333
1921,6,-0.147,1921.4166666666667
1921,7,-0.142,1921.5
1921,8,-0.281,1921.5833333333333
1921,9,-0.167,1921.6666666666667
1921,10,-0.041,1921.75
1921,11,-0.137,1921.8333333333333
1921,12,-0.117,1921.9166666666667
1922,1,-0.285,1922
1922,2,-0.399,1922.0833333333333
1922,3,-0.132,1922.1666666666667
1922,4,-0.123,1922.25
1922,5,-0.371,1922.3333333333333
1922,6,-0.265,1922.4166666666667
1922,7,-0.222,1922.5
1922,8,-0.363,1922.5833333333333
1922,9,-0.373,1922.6666666666667
1922,10,-0.351,1922.75
1922,11,-0.255,1922.8333333333333
1922,12,-0.17,1922.9166666666667
1923,1,-0.298,1923
1923,2,-0.401,1923.0833333333333
1923,3,-0.371,1923.1666666666667
1923,4,-0.286,1923.25
1923,5,-0.293,1923.3333333333333
1923,6,-0.219,1923.4166666666667
1923,7,-0.367,1923.5
1923,8,-0.321,1923.5833333333333
1923,9,-0.348,1923.6666666666667
1923,10,-0.035,1923.75
1923,11,0.035,1923.8333333333333
1923,12,0.016,1923.9166666666667
1924,1,-0.261,1924
1924,2,-0.243,1924.0833333333333
1924,3,-0.052,1924.1666666666667
1924,4,-0.264,1924.25
1924,5,-0.157,1924.3333333333333
1924,6,-0.231,1924.4166666666667
1924,7,-0.25,1924.5
1924,8,-0.31,1924.5833333333333
1924,9,-0.335,1924.6666666666667
1924,10,-0.321,1924.75
1924,11,-0.215,1924.8333333333333
1924,12,-0.349,1924.9166666666667
1925,1,-0.421,1925
1925,2,-0.457,1925.0833333333333
1925,3,-0.259,1925.1666666666667
1925,4,-0.241,1925.25
1925,5,-0.173,1925.3333333333333
1925,6,-0.268,1925.4166666666667
1925,7,-0.282,1925.5
1925,8,-0.156,1925.5833333333333
1925,9,-0.214,1925.6666666666667
1925,10,-0.147,1925.75
1925,11,-0.021,1925.8333333333333
1925,12,0.166,1925.9166666666667
1926,1,0.227,1926
1926,2,-0.01,1926.0833333333333
1926,3,0.132,1926.1666666666667
1926,4,-0.079,1926.25
1926,5,-0.2,1926.3333333333333
1926,6,-0.198,1926.4166666666667
1926,7,-0.222,1926.5
1926,8,-0.112,1926.5833333333333
1926,9,-0.113,1926.6666666666667
1926,10,0.02,1926.75
1926,11,-0.05,1926.8333333333333
1926,12,-0.22,1926.9166666666667
1927,1,-0.247,1927
1927,2,-0.173,1927.0833333333333
1927,3,-0.38,1927.1666666666667
1927,4,-0.246,1927.25
1927,5,-0.177,1927.3333333333333
1927,6,-0.258,1927.4166666666667
1927,7,-0.195,1927.5
1927,8,-0.17,1927.5833333333333
1927,9,-0.118,1927.6666666666667
1927,10,0.068,1927.75
1927,11,-0.061,1927.8333333333333
1927,12,-0.258,1927.9166666666667
1928,1,0.108,1928
1928,2,-0.019,1928.0833333333333
1928,3,-0.203,1928.1666666666667
1928,4,-0.189,1928.25
1928,5,-0.295,1928.3333333333333
1928,6,-0.374,1928.4166666666667
1928,7,-0.192,1928.5
1928,8,-0.226,1928.5833333333333
1928,9,-0.263,1928.6666666666667
1928,10,-0.14,1928.75
1928,11,-0.133,1928.8333333333333
1928,12,-0.147,1928.9166666666667
1929,1,-0.412,1929
1929,2,-0.528,1929.0833333333333
1929,3,-0.392,1929.1666666666667
1929,4,-0.368,1929.25
1929,5,-0.429,1929.3333333333333
1929,6,-0.424,1929.4166666666667
1929,7,-0.433,1929.5
1929,8,-0.286,1929.5833333333333
1929,9,-0.263,1929.6666666666667
1929,10,-0.127,1929.75
1929,11,-0.139,1929.8333333333333
1929,12,-0.492,1929.9166666666667
1930,1,-0.22,1930
1930,2,-0.278,1930.0833333333333
1930,3,-0.104,1930.1666666666667
1930,4,-0.196,1930.25
1930,5,-0.214,1930.3333333333333
1930,6,-0.23,1930.4166666666667
1930,7,-0.14,1930.5
1930,8,-0.115,1930.5833333333333
1930,9,-0.128,1930.6666666666667
1930,10,-0.057,1930.75
1930,11,0.127,1930.8333333333333
1930,12,-0.005,1930.9166666666667
1931,1,-0.098,1931
1931,2,-0.216,1931.0833333333333
1931,3,-0.076,1931.1666666666667
1931,4,-0.159,1931.25
1931,5,-0.192,1931.3333333333333
1931,6,-0.051,1931.4166666666667
1931,7,-0.004,1931.5
1931,8,-0.005,1931.5833333333333
1931,9,-0.049,1931.6666666666667
1931,10,0.086,1931.75
1931,11,-0.035,1931.8333333333333
1931,12,0.004,1931.9166666666667
1932,1,0.11,1932
1932,2,-0.171,1932.0833333333333
1932,3,-0.097,1932.1666666666667
1932,4,0.05,1932.25
1932,5,-0.064,1932.3333333333333
1932,6,-0.216,1932.4166666666667
1932,7,-0.167,1932.5
1932,8,-0.197,1932.5833333333333
1932,9,-0.008,1932.6666666666667
1932,10,-0.035,1932.75
1932,11,-0.305,1932.8333333333333
1932,12,-0.177,1932.9166666666667
1933,1,-0.246,1933
1933,2,-0.271,1933.0833333333333
1933,3,-0.306,1933.1666666666667
1933,4,-0.272,1933.25
1933,5,-0.301,1933.3333333333333
1933,6,-0.379,1933.4166666666667
1933,7,-0.273,1933.5
1933,8,-0.194,1933.5833333333333
1933,9,-0.348,1933.6666666666667
1933,10,-0.228,1933.75
1933,11,-0.372,1933.8333333333333
1933,12,-0.41,1933.9166666666667
1934,1,-0.255,1934
1934,2,-0.085,1934.0833333333333
1934,3,-0.368,1934.1666666666667
1934,4,-0.331,1934.25
1934,5,-0.143,1934.3333333333333
1934,6,-0.156,1934.4166666666667
1934,7,-0.139,1934.5
1934,8,-0.139,1934.5833333333333
1934,9,-0.182,1934.6666666666667
1934,10,-0.037,1934.75
1934,11,0.057,1934.8333333333333
1934,12,-0.035,1934.9166666666667
1935,1,-0.362,1935
1935,2,0.077,1935.0833333333333
1935,3,-0.152,1935.1666666666667
1935,4,-0.315,1935.25
1935,5,-0.333,1935.3333333333333
1935,6,-0.218,1935.4166666666667
1935,7,-0.194,1935.5
1935,8,-0.212,1935.5833333333333
1935,9,-0.232,1935.6666666666667
1935,10,-0.036,1935.75
1935,11,-0.388,1935.8333333333333
1935,12,-0.188,1935.9166666666667
1936,1,-0.305,1936
1936,2,-0.336,1936.0833333333333
1936,3,-0.306,1936.1666666666667
1936,4,-0.175,1936.25
1936,5,-0.166,1936.3333333333333
1936,6,-0.151,1936.4166666666667
1936,7,-0.067,1936.5
1936,8,-0.11,1936.5833333333333
1936,9,-0.122,1936.6666666666667
1936,10,0.047,1936.75
1936,11,-0.071,1936.8333333333333
1936,12,0.035,1936.9166666666667
1937,1,-0.056,1937
1937,2,0.077,1937.0833333333333
1937,3,-0.143,1937.1666666666667
1937,4,-0.088,1937.25
1937,5,-0.036,1937.3333333333333
1937,6,0.024,1937.4166666666667
1937,7,0.028,1937.5
1937,8,0.048,1937.5833333333333
1937,9,0.125,1937.6666666666667
1937,10,0.151,1937.75
1937,11,0.083,1937.8333333333333
1937,12,-0.017,1937.9166666666667
1938,1,0.083,1938
1938,2,0.081,1938.0833333333333
1938,3,0.088,1938.1666666666667
1938,4,0.064,1938.25
1938,5,-0.091,1938.3333333333333
1938,6,-0.125,1938.4166666666667
1938,7,-0.061,1938.5
1938,8,-0.011,1938.5833333333333
1938,9,0.051,1938.6666666666667
1938,10,0.222,1938.75
1938,11,0.071,1938.8333333333333
1938,12,-0.108,1938.9166666666667
1939,1,-0.031,1939
1939,2,-0.084,1939.0833333333333
1939,3,-0.196,1939.1666666666667
1939,4,-0.006,1939.25
1939,5,0.078,1939.3333333333333
1939,6,0.024,1939.4166666666667
1939,7,-0.035,1939.5
1939,8,-0.031,1939.5833333333333
1939,9,-0.031,1939.6666666666667
1939,10,-0.064,1939.75
1939,11,-0.056,1939.8333333333333
1939,12,0.429,1939.9166666666667
1940,1,0.071,1940
1940,2,0.115,1940.0833333333333
1940,3,0.086,1940.1666666666667
1940,4,0.135,1940.25
1940,5,0.042,1940.3333333333333
1940,6,0.029,1940.4166666666667
1940,7,0.134,1940.5
1940,8,0.069,1940.5833333333333
1940,9,0.079,1940.6666666666667
1940,10,0.058,1940.75
1940,11,-0.049,1940.8333333333333
1940,12,0.218,1940.9166666666667
1941,1,-0.006,1941
1941,2,0.132,1941.0833333333333
1941,3,-0.055,1941.1666666666667
1941,4,-0.019,1941.25
1941,5,0.022,1941.3333333333333
1941,6,0.057,1941.4166666666667
1941,7,0.128,1941.5
1941,8,-0.006,1941.5833333333333
1941,9,-0.201,1941.6666666666667
1941,10,0.226,1941.75
1941,11,-0.021,1941.8333333333333
1941,12,0.198,1941.9166666666667
1942,1,0.345,1942
1942,2,0.008,1942.0833333333333
1942,3,0.086,1942.1666666666667
1942,4,0.014,1942.25
1942,5,0.079,1942.3333333333333
1942,6,0.042,1942.4166666666667
1942,7,-0.019,1942.5
1942,8,-0.067,1942.5833333333333
1942,9,-0.067,1942.6666666666667
1942,10,0.027,1942.75
1942,11,0.013,1942.8333333333333
1942,12,0.108,1942.9166666666667
1943,1,-0.044,1943
1943,2,0.125,1943.0833333333333
1943,3,-0.04,1943.1666666666667
1943,4,0.136,1943.25
1943,5,0.087,1943.3333333333333
1943,6,-0.023,1943.4166666666667
1943,7,0.088,1943.5
1943,8,0.114,1943.5833333333333
1943,9,0.029,1943.6666666666667
1943,10,0.315,1943.75
1943,11,0.161,1943.8333333333333
1943,12,0.267,1943.9166666666667
1944,1,0.384,1944
1944,2,0.245,1944.0833333333333
1944,3,0.261,1944.1666666666667
1944,4,0.175,1944.25
1944,5,0.172,1944.3333333333333
1944,6,0.118,1944.4166666666667
1944,7,0.188,1944.5
1944,8,0.235,1944.5833333333333
1944,9,0.195,1944.6666666666667
1944,10,0.29,1944.75
1944,11,0.073,1944.8333333333333
1944,12,0.13,1944.9166666666667
1945,1,0.107,1945
1945,2,-0.014,1945.0833333333333
1945,3,0.087,1945.1666666666667
1945,4,0.223,1945.25
1945,5,0.017,1945.3333333333333
1945,6,0.012,1945.4166666666667
1945,7,-0,1945.5
1945,8,0.234,1945.5833333333333
1945,9,0.109,1945.6666666666667
1945,10,0.224,1945.75
1945,11,0.008,1945.8333333333333
1945,12,-0.065,1945.9166666666667
1946,1,0.052,1946
1946,2,-0.048,1946.0833333333333
1946,3,0.033,1946.1666666666667
1946,4,0.076,1946.25
1946,5,-0.059,1946.3333333333333
1946,6,-0.192,1946.4166666666667
1946,7,-0.066,1946.5
1946,8,-0.159,1946.5833333333333
1946,9,-0.124,1946.6666666666667
1946,10,-0.008,1946.75
1946,11,-0.072,1946.8333333333333
1946,12,-0.255,1946.9166666666667
1947,1,-0,1947
1947,2,0.024,1947.0833333333333
1947,3,0.13,1947.1666666666667
1947,4,0.08,1947.25
1947,5,-0.052,1947.3333333333333
1947,6,-0.05,1947.4166666666667
1947,7,-0.039,1947.5
1947,8,-0.109,1947.5833333333333
1947,9,-0.105,1947.6666666666667
1947,10,0.126,1947.75
1947,11,0.068,1947.8333333333333
1947,12,-0.061,1947.9166666666667
1948,1,0.076,1948
1948,2,-0.163,1948.0833333333333
1948,3,-0.215,1948.1666666666667
1948,4,-0.086,1948.25
1948,5,0.051,1948.3333333333333
1948,6,0.037,1948.4166666666667
1948,7,-0.098,1948.5
1948,8,-0.052,1948.5833333333333
1948,9,-0.148,1948.6666666666667
1948,10,-0.025,1948.75
1948,11,-0.192,1948.8333333333333
1948,12,-0.296,1948.9166666666667
1949,1,0.084,1949
1949,2,-0.196,1949.0833333333333
1949,3,-0.077,1949.1666666666667
1949,4,-0.095,1949.25
1949,5,-0.079,1949.3333333333333
1949,6,-0.238,1949.4166666666667
1949,7,-0.165,1949.5
1949,8,-0.1,1949.5833333333333
1949,9,-0.157,1949.6666666666667
1949,10,-0.019,1949.75
1949,11,-0.133,1949.8333333333333
1949,12,-0.058,1949.9166666666667
1950,1,-0.233,1950
1950,2,-0.338,1950.0833333333333
1950,3,-0.112,1950.1666666666667
1950,4,-0.198,1950.25
1950,5,-0.065,1950.3333333333333
1950,6,-0.013,1950.4166666666667
1950,7,-0.015,1950.5
1950,8,-0.158,1950.5833333333333
1950,9,-0.186,1950.6666666666667
1950,10,-0.161,1950.75
1950,11,-0.337,1950.8333333333333
1950,12,-0.184,1950.9166666666667
1951,1,-0.332,1951
1951,2,-0.404,1951.0833333333333
1951,3,-0.14,1951.1666666666667
1951,4,-0.018,1951.25
1951,5,0.128,1951.3333333333333
1951,6,0.111,1951.4166666666667
1951,7,0.066,1951.5
1951,8,0.193,1951.5833333333333
1951,9,0.104,1951.6666666666667
1951,10,0.214,1951.75
1951,11,0.01,1951.8333333333333
1951,12,0.196,1951.9166666666667
1952,1,0.183,1952
1952,2,0.155,1952.0833333333333
1952,3,-0.066,1952.1666666666667
1952,4,0.098,1952.25
1952,5,0.07,1952.3333333333333
1952,6,0.099,1952.4166666666667
1952,7,0.125,1952.5
1952,8,0.124,1952.5833333333333
1952,9,0.13,1952.6666666666667
1952,10,0.076,1952.75
1952,11,-0.095,1952.8333333333333
1952,12,0.088,1952.9166666666667
1953,1,0.088,1953
1953,2,0.189,1953.0833333333333
1953,3,0.099,1953.1666666666667
1953,4,0.317,1953.25
1953,5,0.256,1953.3333333333333
1953,6,0.256,1953.4166666666667
1953,7,0.137,1953.5
1953,8,0.155,1953.5833333333333
1953,9,0.122,1953.6666666666667
1953,10,0.121,1953.75
1953,11,-0.008,1953.8333333333333
1953,12,0.134,1953.9166666666667
1954,1,-0.211,1954
1954,2,-0.063,1954.0833333333333
1954,3,-0.089,1954.1666666666667
1954,4,0.007,1954.25
1954,5,-0.018,1954.3333333333333
1954,6,-0.035,1954.4166666666667
1954,7,-0.109,1954.5
1954,8,-0.065,1954.5833333333333
1954,9,-0.063,1954.6666666666667
1954,10,0.106,1954.75
1954,11,0.165,1954.8333333333333
1954,12,-0.063,1954.9166666666667
1955,1,0.209,1955
1955,2,-0.135,1955.0833333333333
1955,3,-0.266,1955.1666666666667
1955,4,-0.129,1955.25
1955,5,-0.179,1955.3333333333333
1955,6,-0.052,1955.4166666666667
1955,7,-0.095,1955.5
1955,8,0.135,1955.5833333333333
1955,9,-0.153,1955.6666666666667
1955,10,0.013,1955.75
1955,11,-0.244,1955.8333333333333
1955,12,-0.237,1955.9166666666667
1956,1,-0.075,1956
1956,2,-0.155,1956.0833333333333
1956,3,-0.221,1956.1666666666667
1956,4,-0.221,1956.25
1956,5,-0.262,1956.3333333333333
1956,6,-0.132,1956.4166666666667
1956,7,-0.098,1956.5
1956,8,-0.291,1956.5833333333333
1956,9,-0.214,1956.6666666666667
1956,10,-0.27,1956.75
1956,11,-0.17,1956.8333333333333
1956,12,0.001,1956.9166666666667
1957,1,-0.123,1957
1957,2,-0.046,1957.0833333333333
1957,3,-0.091,1957.1666666666667
1957,4,0.046,1957.25
1957,5,0.132,1957.3333333333333
1957,6,0.199,1957.4166666666667
1957,7,-0.02,1957.5
1957,8,0.151,1957.5833333333333
1957,9,0.086,1957.6666666666667
1957,10,0.103,1957.75
1957,11,0.056,1957.8333333333333
1957,12,0.147,1957.9166666666667
1958,1,0.353,1958
1958,2,0.187,1958.0833333333333
1958,3,0.114,1958.1666666666667
1958,4,0.028,1958.25
1958,5,0.072,1958.3333333333333
1958,6,-0.065,1958.4166666666667
1958,7,-0.01,1958.5
1958,8,-0.066,1958.5833333333333
1958,9,-0.104,1958.6666666666667
1958,10,0.056,1958.75
1958,11,0.054,1958.8333333333333
1958,12,0.083,1958.9166666666667
1959,1,0.105,1959
1959,2,0.036,1959.0833333333333
1959,3,0.138,1959.1666666666667
1959,4,0.195,1959.25
1959,5,0.101,1959.3333333333333
1959,6,0.09,1959.4166666666667
1959,7,0.039,1959.5
1959,8,0.007,1959.5833333333333
1959,9,-0.095,1959.6666666666667
1959,10,-0.006,1959.75
1959,11,-0.133,1959.8333333333333
1959,12,0.018,1959.9166666666667
1960,1,-0.012,1960
1960,2,0.103,1960.0833333333333
1960,3,-0.337,1960.1666666666667
1960,4,-0.141,1960.25
1960,5,-0.057,1960.3333333333333
1960,6,-0.001,1960.4166666666667
1960,7,-0.042,1960.5
1960,8,0.096,1960.5833333333333
1960,9,0.074,1960.6666666666667
1960,10,0.076,1960.75
1960,11,-0.168,1960.8333333333333
1960,12,0.221,1960.9166666666667
1961,1,0.053,1961
1961,2,0.17,1961.0833333333333
1961,3,0.043,1961.1666666666667
1961,4,0.154,1961.25
1961,5,0.173,1961.3333333333333
1961,6,0.131,1961.4166666666667
1961,7,0.022,1961.5
1961,8,0.023,1961.5833333333333
1961,9,0.046,1961.6666666666667
1961,10,0,1961.75
1961,11,0.022,1961.8333333333333
1961,12,-0.123,1961.9166666666667
1962,1,0.058,1962
1962,2,0.112,1962.0833333333333
1962,3,0.128,1962.1666666666667
1962,4,0.05,1962.25
1962,5,-0.115,1962.3333333333333
1962,6,0.015,1962.4166666666667
1962,7,-0.064,1962.5
1962,8,-0.058,1962.5833333333333
1962,9,-0.082,1962.6666666666667
1962,10,-0.031,1962.75
1962,11,0.004,1962.8333333333333
1962,12,0.001,1962.9166666666667
1963,1,-0.004,1963
1963,2,0.118,1963.0833333333333
1963,3,-0.222,1963.1666666666667
1963,4,-0.064,1963.25
1963,5,-0.088,1963.3333333333333
1963,6,-0.018,1963.4166666666667
1963,7,0.076,1963.5
1963,8,0.263,1963.5833333333333
1963,9,0.187,1963.6666666666667
1963,10,0.143,1963.75
1963,11,0.106,1963.8333333333333
1963,12,0.031,1963.9166666666667
1964,1,-0.088,1964
1964,2,-0.13,1964.0833333333333
1964,3,-0.295,1964.1666666666667
1964,4,-0.336,1964.25
1964,5,-0.278,1964.3333333333333
1964,6,-0.038,1964.4166666666667
1964,7,-0.086,1964.5
1964,8,-0.277,1964.5833333333333
1964,9,-0.336,1964.6666666666667
1964,10,-0.287,1964.75
1964,11,-0.259,1964.8333333333333
1964,12,-0.243,1964.9166666666667
1965,1,-0.04,1965
1965,2,-0.172,1965.0833333333333
1965,3,-0.18,1965.1666666666667
1965,4,-0.185,1965.25
1965,5,-0.079,1965.3333333333333
1965,6,-0.092,1965.4166666666667
1965,7,-0.145,1965.5
1965,8,-0.052,1965.5833333333333
1965,9,-0.196,1965.6666666666667
1965,10,-0.01,1965.75
1965,11,-0.068,1965.8333333333333
1965,12,-0.012,1965.9166666666667
1966,1,-0.159,1966
1966,2,-0.044,1966.0833333333333
1966,3,-0.058,1966.1666666666667
1966,4,-0.016,1966.25
1966,5,-0.096,1966.3333333333333
1966,6,0.008,1966.4166666666667
1966,7,0.107,1966.5
1966,8,-0.031,1966.5833333333333
1966,9,0.011,1966.6666666666667
1966,10,-0.156,1966.75
1966,11,-0.035,1966.8333333333333
1966,12,-0.013,1966.9166666666667
1967,1,-0.096,1967
1967,2,-0.232,1967.0833333333333
1967,3,0.044,1967.1666666666667
1967,4,0.009,1967.25
1967,5,0.212,1967.3333333333333
1967,6,0.002,1967.4166666666667
1967,7,0.035,1967.5
1967,8,0.008,1967.5833333333333
1967,9,-0.029,1967.6666666666667
1967,10,0.05,1967.75
1967,11,-0.106,1967.8333333333333
1967,12,-0.019,1967.9166666666667
1968,1,-0.206,1968
1968,2,-0.158,1968.0833333333333
1968,3,0.108,1968.1666666666667
1968,4,-0.044,1968.25
1968,5,-0.119,1968.3333333333333
1968,6,-0.067,1968.4166666666667
1968,7,-0.175,1968.5
1968,8,-0.109,1968.5833333333333
1968,9,-0.217,1968.6666666666667
1968,10,0.085,1968.75
1968,11,-0.088,1968.8333333333333
1968,12,-0.06,1968.9166666666667
1969,1,-0.044,1969
1969,2,-0.118,1969.0833333333333
1969,3,-0.036,1969.1666666666667
1969,4,0.175,1969.25
1969,5,0.233,1969.3333333333333
1969,6,0.122,1969.4166666666667
1969,7,-0.076,1969.5
1969,8,0.008,1969.5833333333333
1969,9,0.041,1969.6666666666667
1969,10,0.082,1969.75
1969,11,0.073,1969.8333333333333
1969,12,0.28,1969.9166666666667
1970,1,0.136,1970
1970,2,0.162,1970.0833333333333
1970,3,0.024,1970.1666666666667
1970,4,0.07,1970.25
1970,5,0.004,1970.3333333333333
1970,6,-0.036,1970.4166666666667
1970,7,-0.023,1970.5
1970,8,-0.091,1970.5833333333333
1970,9,0.092,1970.6666666666667
1970,10,0.026,1970.75
1970,11,-0.072,1970.8333333333333
1970,12,-0.117,1970.9166666666667
1971,1,-0.061,1971
1971,2,-0.21,1971.0833333333333
1971,3,-0.233,1971.1666666666667
1971,4,-0.075,1971.25
1971,5,-0.068,1971.3333333333333
1971,6,-0.123,1971.4166666666667
1971,7,-0.098,1971.5
1971,8,-0.072,1971.5833333333333
1971,9,-0.041,1971.6666666666667
1971,10,-0.057,1971.75
1971,11,-0.091,1971.8333333333333
1971,12,-0.125,1971.9166666666667
1972,1,-0.266,1972
1972,2,-0.207,1972.0833333333333
1972,3,-0.006,1972.1666666666667
1972,4,0.016,1972.25
1972,5,0.056,1972.3333333333333
1972,6,0.049,1972.4166666666667
1972,7,-0.022,1972.5
1972,8,0.185,1972.5833333333333
1972,9,0.026,1972.6666666666667
1972,10,0.02,1972.75
1972,11,-0.007,1972.8333333333333
1972,12,0.232,1972.9166666666667
1973,1,0.243,1973
1973,2,0.261,1973.0833333333333
1973,3,0.192,1973.1666666666667
1973,4,0.305,1973.25
1973,5,0.267,1973.3333333333333
1973,6,0.183,1973.4166666666667
1973,7,0.066,1973.5
1973,8,0.06,1973.5833333333333
1973,9,0.041,1973.6666666666667
1973,10,0.085,1973.75
1973,11,0.019,1973.8333333333333
1973,12,-0,1973.9166666666667
1974,1,-0.16,1974
1974,2,-0.303,1974.0833333333333
1974,3,-0.124,1974.1666666666667
1974,4,-0.063,1974.25
1974,5,-0.024,1974.3333333333333
1974,6,0.005,1974.4166666666667
1974,7,-0.036,1974.5
1974,8,0.189,1974.5833333333333
1974,9,-0.034,1974.6666666666667
1974,10,-0.039,1974.75
1974,11,-0.079,1974.8333333333333
1974,12,-0.074,1974.9166666666667
1975,1,0.048,1975
1975,2,0.128,1975.0833333333333
1975,3,0.146,1975.1666666666667
1975,4,0.11,1975.25
1975,5,0.21,1975.3333333333333
1975,6,0.043,1975.4166666666667
1975,7,-0.036,1975.5
1975,8,-0.18,1975.5833333333333
1975,9,-0.028,1975.6666666666667
1975,10,-0.069,1975.75
1975,11,-0.224,1975.8333333333333
1975,12,-0.11,1975.9166666666667
1976,1,-0.041,1976
1976,2,-0.106,1976.0833333333333
1976,3,-0.235,1976.1666666666667
1976,4,-0.059,1976.25
1976,5,-0.252,1976.3333333333333
1976,6,-0.17,1976.4166666666667
1976,7,-0.049,1976.5
1976,8,-0.139,1976.5833333333333
1976,9,-0.025,1976.6666666666667
1976,10,-0.192,1976.75
1976,11,-0.03,1976.8333333333333
1976,12,0.161,1976.9166666666667
1977,1,0.311,1977
1977,2,0.237,1977.0833333333333
1977,3,0.191,1977.1666666666667
1977,4,0.311,1977.25
1977,5,0.393,1977.3333333333333
1977,6,0.362,1977.4166666666667
1977,7,0.237,1977.5
1977,8,0.292,1977.5833333333333
1977,9,0.092,1977.6666666666667
1977,10,0.116,1977.75
1977,11,0.185,1977.8333333333333
1977,12,0.092,1977.9166666666667
1978,1,0.134,1978
1978,2,0.194,1978.0833333333333
1978,3,0.194,1978.1666666666667
1978,4,0.224,1978.25
1978,5,0.179,1978.3333333333333
1978,6,0.036,1978.4166666666667
1978,7,0.098,1978.5
1978,8,-0.171,1978.5833333333333
1978,9,0.123,1978.6666666666667
1978,10,0.004,1978.75
1978,11,0.153,1978.8333333333333
1978,12,0.143,1978.9166666666667
1979,1,0.175,1979
1979,2,-0.072,1979.0833333333333
1979,3,0.19,1979.1666666666667
1979,4,0.241,1979.25
1979,5,0.079,1979.3333333333333
1979,6,0.103,1979.4166666666667
1979,7,0.04,1979.5
1979,8,0.177,1979.5833333333333
1979,9,0.28,1979.6666666666667
1979,10,0.245,1979.75
1979,11,0.26,1979.8333333333333
1979,12,0.495,1979.9166666666667
1980,1,0.373,1980
1980,2,0.464,1980.0833333333333
1980,3,0.368,1980.1666666666667
1980,4,0.424,1980.25
1980,5,0.389,1980.3333333333333
1980,6,0.223,1980.4166666666667
1980,7,0.315,1980.5
1980,8,0.276,1980.5833333333333
1980,9,0.206,1980.6666666666667
1980,10,0.161,1980.75
1980,11,0.261,1980.8333333333333
1980,12,0.227,1980.9166666666667
1981,1,0.571,1981
1981,2,0.417,1981.0833333333333
1981,3,0.449,1981.1666666666667
1981,4,0.327,1981.25
1981,5,0.279,1981.3333333333333
1981,6,0.377,1981.4166666666667
1981,7,0.387,1981.5
1981,8,0.431,1981.5833333333333
1981,9,0.221,1981.6666666666667
1981,10,0.144,1981.75
1981,11,0.196,1981.8333333333333
1981,12,0.483,1981.9166666666667
1982,1,0.125,1982
1982,2,0.153,1982.0833333333333
1982,3,-0.013,1982.1666666666667
1982,4,0.105,1982.25
1982,5,0.197,1982.3333333333333
1982,6,0.115,1982.4166666666667
1982,7,0.142,1982.5
1982,8,0.086,1982.5833333333333
1982,9,0.141,1982.6666666666667
1982,10,0.127,1982.75
1982,11,0.09,1982.8333333333333
1982,12,0.429,1982.9166666666667
1983,1,0.482,1983
1983,2,0.44,1983.0833333333333
1983,3,0.367,1983.1666666666667
1983,4,0.347,1983.25
1983,5,0.386,1983.3333333333333
1983,6,0.239,1983.4166666666667
1983,7,0.176,1983.5
1983,8,0.366,1983.5833333333333
1983,9,0.412,1983.6666666666667
1983,10,0.163,1983.75
1983,11,0.258,1983.8333333333333
1983,12,0.227,1983.9166666666667
1984,1,0.282,1984
1984,2,0.138,1984.0833333333333
1984,3,0.288,1984.1666666666667
1984,4,0.174,1984.25
1984,5,0.387,1984.3333333333333
1984,6,0.099,1984.4166666666667
1984,7,0.054,1984.5
1984,8,0.158,1984.5833333333333
1984,9,0.222,1984.6666666666667
1984,10,0.107,1984.75
1984,11,-0.02,1984.8333333333333
1984,12,-0.036,1984.9166666666667
1985,1,0.281,1985
1985,2,0.036,1985.0833333333333
1985,3,0.174,1985.1666666666667
1985,4,0.172,1985.25
1985,5,0.211,1985.3333333333333
1985,6,0.184,1985.4166666666667
1985,7,-0.011,1985.5
1985,8,0.205,1985.5833333333333
1985,9,0.151,1985.6666666666667
1985,10,0.134,1985.75
1985,11,0.063,1985.8333333333333
1985,12,0.207,1985.9166666666667
1986,1,0.233,1986
1986,2,0.423,1986.0833333333333
1986,3,0.26,1986.1666666666667
1986,4,0.325,1986.25
1986,5,0.284,1986.3333333333333
1986,6,0.12,1986.4166666666667
1986,7,0.108,1986.5
1986,8,0.189,1986.5833333333333
1986,9,0.1,1986.6666666666667
1986,10,0.16,1986.75
1986,11,0.078,1986.8333333333333
1986,12,0.18,1986.9166666666667
1987,1,0.34,1987
1987,2,0.395,1987.0833333333333
1987,3,0.218,1987.1666666666667
1987,4,0.295,1987.25
1987,5,0.322,1987.3333333333333
1987,6,0.388,1987.4166666666667
1987,7,0.443,1987.5
1987,8,0.329,1987.5833333333333
1987,9,0.353,1987.6666666666667
1987,10,0.323,1987.75
1987,11,0.201,1987.8333333333333
1987,12,0.51,1987.9166666666667
1988,1,0.552,1988
1988,2,0.425,1988.0833333333333
1988,3,0.464,1988.1666666666667
1988,4,0.503,1988.25
1988,5,0.456,1988.3333333333333
1988,6,0.449,1988.4166666666667
1988,7,0.336,1988.5
1988,8,0.423,1988.5833333333333
1988,9,0.393,1988.6666666666667
1988,10,0.319,1988.75
1988,11,0.054,1988.8333333333333
1988,12,0.29,1988.9166666666667
1989,1,0.069,1989
1989,2,0.352,1989.0833333333333
1989,3,0.299,1989.1666666666667
1989,4,0.339,1989.25
1989,5,0.13,1989.3333333333333
1989,6,0.16,1989.4166666666667
1989,7,0.334,1989.5
1989,8,0.343,1989.5833333333333
1989,9,0.352,1989.6666666666667
1989,10,0.334,1989.75
1989,11,0.138,1989.8333333333333
1989,12,0.447,1989.9166666666667
1990,1,0.416,1990
1990,2,0.39,1990.0833333333333
1990,3,0.738,1990.1666666666667
1990,4,0.65,1990.25
1990,5,0.552,1990.3333333333333
1990,6,0.409,1990.4166666666667
1990,7,0.468,1990.5
1990,8,0.35,1990.5833333333333
1990,9,0.314,1990.6666666666667
1990,10,0.437,1990.75
1990,11,0.387,1990.8333333333333
1990,12,0.423,1990.9166666666667
1991,1,0.436,1991
1991,2,0.52,1991.0833333333333
1991,3,0.381,1991.1666666666667
1991,4,0.601,1991.25
1991,5,0.449,1991.3333333333333
1991,6,0.548,1991.4166666666667
1991,7,0.518,1991.5
1991,8,0.451,1991.5833333333333
1991,9,0.452,1991.6666666666667
1991,10,0.348,1991.75
1991,11,0.293,1991.8333333333333
1991,12,0.387,1991.9166666666667
1992,1,0.494,1992
1992,2,0.441,1992.0833333333333
1992,3,0.464,1992.1666666666667
1992,4,0.34,1992.25
1992,5,0.344,1992.3333333333333
1992,6,0.286,1992.4166666666667
1992,7,0.128,1992.5
1992,8,0.117,1992.5833333333333
1992,9,-0.029,1992.6666666666667
1992,10,0.049,1992.75
1992,11,-0,1992.8333333333333
1992,12,0.25,1992.9166666666667
1993,1,0.397,1993
1993,2,0.427,1993.0833333333333
1993,3,0.38,1993.1666666666667
1993,4,0.365,1993.25
1993,5,0.354,1993.3333333333333
1993,6,0.313,1993.4166666666667
1993,7,0.284,1993.5
1993,8,0.209,1993.5833333333333
1993,9,0.204,1993.6666666666667
1993,10,0.288,1993.75
1993,11,0.111,1993.8333333333333
1993,12,0.234,1993.9166666666667
1994,1,0.297,1994
1994,2,0.103,1994.0833333333333
1994,3,0.368,1994.1666666666667
1994,4,0.45,1994.25
1994,5,0.359,1994.3333333333333
1994,6,0.445,1994.4166666666667
1994,7,0.292,1994.5
1994,8,0.247,1994.5833333333333
1994,9,0.344,1994.6666666666667
1994,10,0.445,1994.75
1994,11,0.417,1994.8333333333333
1994,12,0.387,1994.9166666666667
1995,1,0.523,1995
1995,2,0.771,1995.0833333333333
1995,3,0.475,1995.1666666666667
1995,4,0.582,1995.25
1995,5,0.385,1995.3333333333333
1995,6,0.505,1995.4166666666667
1995,7,0.541,1995.5
1995,8,0.542,1995.5833333333333
1995,9,0.409,1995.6666666666667
1995,10,0.509,1995.75
1995,11,0.456,1995.8333333333333
1995,12,0.336,1995.9166666666667
1996,1,0.327,1996
1996,2,0.579,1996.0833333333333
1996,3,0.444,1996.1666666666667
1996,4,0.459,1996.25
1996,5,0.327,1996.3333333333333
1996,6,0.279,1996.4166666666667
1996,7,0.369,1996.5
1996,8,0.531,1996.5833333333333
1996,9,0.293,1996.6666666666667
1996,10,0.204,1996.75
1996,11,0.417,1996.8333333333333
1996,12,0.473,1996.9166666666667
1997,1,0.363,1997
1997,2,0.421,1997.0833333333333
1997,3,0.553,1997.1666666666667
1997,4,0.498,1997.25
1997,5,0.445,1997.3333333333333
1997,6,0.622,1997.4166666666667
1997,7,0.407,1997.5
1997,8,0.461,1997.5833333333333
1997,9,0.573,1997.6666666666667
1997,10,0.695,1997.75
1997,11,0.697,1997.8333333333333
1997,12,0.656,1997.9166666666667
1998,1,0.649,1998
1998,2,0.881,1998.0833333333333
1998,3,0.68,1998.1666666666667
1998,4,0.81,1998.25
1998,5,0.771,1998.3333333333333
1998,6,0.793,1998.4166666666667
1998,7,0.728,1998.5
1998,8,0.761,1998.5833333333333
1998,9,0.504,1998.6666666666667
1998,10,0.486,1998.75
1998,11,0.477,1998.8333333333333
1998,12,0.654,1998.9166666666667
1999,1,0.501,1999
1999,2,0.687,1999.0833333333333
1999,3,0.385,1999.1666666666667
1999,4,0.416,1999.25
1999,5,0.352,1999.3333333333333
1999,6,0.444,1999.4166666666667
1999,7,0.4,1999.5
1999,8,0.375,1999.5833333333333
1999,9,0.472,1999.6666666666667
1999,10,0.394,1999.75
1999,11,0.385,1999.8333333333333
1999,12,0.482,1999.9166666666667
2000,1,0.328,2000
2000,2,0.592,2000.0833333333333
2000,3,0.567,2000.1666666666667
2000,4,0.641,2000.25
2000,5,0.418,2000.3333333333333
2000,6,0.451,2000.4166666666667
2000,7,0.394,2000.5
2000,8,0.491,2000.5833333333333
2000,9,0.463,2000.6666666666667
2000,10,0.276,2000.75
2000,11,0.331,2000.8333333333333
2000,12,0.346,2000.9166666666667
2001,1,0.508,2001
2001,2,0.495,2001.0833333333333
2001,3,0.606,2001.1666666666667
2001,4,0.614,2001.25
2001,5,0.607,2001.3333333333333
2001,6,0.569,2001.4166666666667
2001,7,0.581,2001.5
2001,8,0.492,2001.5833333333333
2001,9,0.557,2001.6666666666667
2001,10,0.504,2001.75
2001,11,0.704,2001.8333333333333
2001,12,0.669,2001.9166666666667
2002,1,0.766,2002
2002,2,0.723,2002.0833333333333
2002,3,0.937,2002.1666666666667
2002,4,0.689,2002.25
2002,5,0.696,2002.3333333333333
2002,6,0.576,2002.4166666666667
2002,7,0.609,2002.5
2002,8,0.577,2002.5833333333333
2002,9,0.691,2002.6666666666667
2002,10,0.613,2002.75
2002,11,0.577,2002.8333333333333
2002,12,0.569,2002.9166666666667
2003,1,0.799,2003
2003,2,0.608,2003.0833333333333
2003,3,0.591,2003.1666666666667
2003,4,0.638,2003.25
2003,5,0.669,2003.3333333333333
2003,6,0.502,2003.4166666666667
2003,7,0.57,2003.5
2003,8,0.671,2003.5833333333333
2003,9,0.696,2003.6666666666667
2003,10,0.746,2003.75
2003,11,0.533,2003.8333333333333
2003,12,0.789,2003.9166666666667
2004,1,0.644,2004
2004,2,0.731,2004.0833333333333
2004,3,0.637,2004.1666666666667
2004,4,0.704,2004.25
2004,5,0.434,2004.3333333333333
2004,6,0.446,2004.4166666666667
2004,7,0.26,2004.5
2004,8,0.481,2004.5833333333333
2004,9,0.557,2004.6666666666667
2004,10,0.634,2004.75
2004,11,0.699,2004.8333333333333
2004,12,0.55,2004.9166666666667
2005,1,0.788,2005
2005,2,0.683,2005.0833333333333
2005,3,0.786,2005.1666666666667
2005,4,0.769,2005.25
2005,5,0.707,2005.3333333333333
2005,6,0.704,2005.4166666666667
2005,7,0.617,2005.5
2005,8,0.65,2005.5833333333333
2005,9,0.753,2005.6666666666667
2005,10,0.824,2005.75
2005,11,0.724,2005.8333333333333
2005,12,0.769,2005.9166666666667
2006,1,0.641,2006
2006,2,0.827,2006.0833333333333
2006,3,0.701,2006.1666666666667
2006,4,0.619,2006.25
2006,5,0.564,2006.3333333333333
2006,6,0.684,2006.4166666666667
2006,7,0.482,2006.5
2006,8,0.754,2006.5833333333333
2006,9,0.653,2006.6666666666667
2006,10,0.708,2006.75
2006,11,0.703,2006.8333333333333
2006,12,0.839,2006.9166666666667
2007,1,0.987,2007
2007,2,0.767,2007.0833333333333
2007,3,0.699,2007.1666666666667
2007,4,0.878,2007.25
2007,5,0.718,2007.3333333333333
2007,6,0.622,2007.4166666666667
2007,7,0.652,2007.5
2007,8,0.647,2007.5833333333333
2007,9,0.616,2007.6666666666667
2007,10,0.638,2007.75
2007,11,0.591,2007.8333333333333
2007,12,0.513,2007.9166666666667
2008,1,0.305,2008
2008,2,0.365,2008.0833333333333
2008,3,0.686,2008.1666666666667
2008,4,0.602,2008.25
2008,5,0.57,2008.3333333333333
2008,6,0.519,2008.4166666666667
2008,7,0.584,2008.5
2008,8,0.495,2008.5833333333333
2008,9,0.687,2008.6666666666667
2008,10,0.713,2008.75
2008,11,0.667,2008.8333333333333
2008,12,0.593,2008.9166666666667
2009,1,0.708,2009
2009,2,0.59,2009.0833333333333
2009,3,0.522,2009.1666666666667
2009,4,0.657,2009.25
2009,5,0.669,2009.3333333333333
2009,6,0.699,2009.4166666666667
2009,7,0.788,2009.5
2009,8,0.752,2009.5833333333333
2009,9,0.75,2009.6666666666667
2009,10,0.722,2009.75
2009,11,0.781,2009.8333333333333
2009,12,0.78,2009.9166666666667
2010,1,0.825,2010
2010,2,0.909,2010.0833333333333
2010,3,0.933,2010.1666666666667
2010,4,0.986,2010.25
2010,5,0.815,2010.3333333333333
2010,6,0.695,2010.4166666666667
2010,7,0.618,2010.5
2010,8,0.702,2010.5833333333333
2010,9,0.685,2010.6666666666667
2010,10,0.746,2010.75
2010,11,0.774,2010.8333333333333
2010,12,0.566,2010.9166666666667
2011,1,0.606,2011
2011,2,0.571,2011.0833333333333
2011,3,0.698,2011.1666666666667
2011,4,0.719,2011.25
2011,5,0.586,2011.3333333333333
2011,6,0.681,2011.4166666666667
2011,7,0.788,2011.5
2011,8,0.817,2011.5833333333333
2011,9,0.6,2011.6666666666667
2011,10,0.668,2011.75
2011,11,0.56,2011.8333333333333
2011,12,0.636,2011.9166666666667
2012,1,0.473,2012
2012,2,0.524,2012.0833333333333
2012,3,0.518,2012.1666666666667
2012,4,0.772,2012.25
2012,5,0.818,2012.3333333333333
2012,6,0.698,2012.4166666666667
2012,7,0.57,2012.5
2012,8,0.749,2012.5833333333333
2012,9,0.781,2012.6666666666667
2012,10,0.849,2012.75
2012,11,0.804,2012.8333333333333
2012,12,0.604,2012.9166666666667
2013,1,0.732,2013
2013,2,0.604,2013.0833333333333
2013,3,0.678,2013.1666666666667
2013,4,0.636,2013.25
2013,5,0.675,2013.3333333333333
2013,6,0.68,2013.4166666666667
2013,7,0.589,2013.5
2013,8,0.729,2013.5833333333333
2013,9,0.795,2013.6666666666667
2013,10,0.7,2013.75
2013,11,0.835,2013.8333333333333
2013,12,0.735,2013.9166666666667
2014,1,0.783,2014
2014,2,0.58,2014.0833333333333
2014,3,0.776,2014.1666666666667
2014,4,0.851,2014.25
2014,5,0.892,2014.3333333333333
2014,6,0.679,2014.4166666666667
2014,7,0.582,2014.5
2014,8,0.891,2014.5833333333333
2014,9,0.911,2014.6666666666667
2014,10,0.854,2014.75
2014,11,0.633,2014.8333333333333
2014,12,0.812,2014.9166666666667
2015,1,0.861,2015
2015,2,0.89,2015.0833333333333
2015,3,0.904,2015.1666666666667
2015,4,0.857,2015.25
2015,5,0.865,2015.3333333333333
2015,6,0.83,2015.4166666666667
2015,7,0.738,2015.5
2015,8,0.874,2015.5833333333333
2015,9,0.896,2015.6666666666667
2015,10,1.093,2015.75
2015,11,1.022,2015.8333333333333
2015,12,1.184,2015.9166666666667
2016,1,1.244,2016
2016,2,1.323,2016.0833333333333
2016,3,1.318,2016.1666666666667
2016,4,1.178,2016.25
2016,5,1.053,2016.3333333333333
2016,6,0.842,2016.4166666666667
2016,7,0.845,2016.5
2016,8,1.046,2016.5833333333333
2016,9,0.929,2016.6666666666667
2016,10,0.964,2016.75
2016,11,0.964,2016.8333333333333
2016,12,0.975,2016.9166666666667
2017,1,1.084,2017
2017,2,1.169,2017.0833333333333
2017,3,1.212,2017.1666666666667
2017,4,1.045,2017.25
2017,5,0.986,2017.3333333333333
2017,6,0.734,2017.4166666666667
2017,7,0.825,2017.5
2017,8,0.913,2017.5833333333333
2017,9,0.795,2017.6666666666667
2017,10,0.928,2017.75
2017,11,0.86,2017.8333333333333
2017,12,0.995,2017.9166666666667
2018,1,0.87,2018
2018,2,0.912,2018.0833333333333
2018,3,0.921,2018.1666666666667
2018,4,0.991,2018.25
2018,5,0.854,2018.3333333333333
2018,6,0.812,2018.4166666666667
2018,7,0.821,2018.5
2018,8,0.841,2018.5833333333333
2018,9,0.82,2018.6666666666667
2018,10,1.015,2018.75
2018,11,0.823,2018.8333333333333
2018,12,0.977,2018.9166666666667
2019,1,0.945,2019
2019,2,0.978,2019.0833333333333
2019,3,1.211,2019.1666666666667
2019,4,1.116,2019.25
2019,5,0.936,2019.3333333333333
2019,6,0.894,2019.4166666666667
2019,7,0.964,2019.5
2019,8,1.015,2019.5833333333333
2019,9,0.958,2019.6666666666667
2019,10,1.118,2019.75
2019,11,1.013,2019.8333333333333
2019,12,1.161,2019.9166666666667
2020,1,1.195,2020
2020,2,1.219,2020.0833333333333
2020,3,1.173,2020.1666666666667
2020,4,1.234,2020.25
2020,5,1.051,2020.3333333333333
2020,6,0.93,2020.4166666666667
2020,7,0.945,2020.5
2020,8,0.969,2020.5833333333333
2020,9,1.023,2020.6666666666667
2020,10,0.935,2020.75
2020,11,1.093,2020.8333333333333
2020,12,0.867,2020.9166666666667
2021,1,0.89,2021
2021,2,0.693,2021.0833333333333
2021,3,0.865,2021.1666666666667
2021,4,0.886,2021.25
2021,5,0.874,2021.3333333333333
2021,6,0.851,2021.4166666666667
2021,7,0.92,2021.5
2021,8,0.918,2021.5833333333333
2021,9,1.002,2021.6666666666667
2021,10,1.064,2021.75
2021,11,0.938,2021.8333333333333
2021,12,0.894,2021.9166666666667
2022,1,0.94,2022
2022,2,0.879,2022.0833333333333
2022,3,1.074,2022.1666666666667
2022,4,0.939,2022.25
2022,5,0.898,2022.3333333333333
2022,6,0.976,2022.4166666666667
2022,7,0.94,2022.5
2022,8,0.99,2022.5833333333333
2022,9,0.926,2022.6666666666667
2022,10,1.038,2022.75
2022,11,0.728,2022.8333333333333
2022,12,0.937,2022.9166666666667
2023,1,0.922,2023
2023,2,0.958,2023.0833333333333
